{
  "region": "Texas",

  "seasonal_event_probs": {

    "winter": {
      "Drought": 0.069698,
      "Winter Weather": 0.069586,
      "High Wind": 0.069461,
      "Hail": 0.069174,
      "Winter Storm": 0.068962,
      "Thunderstorm Wind": 0.068528,
      "Heavy Snow": 0.065124,
      "Flash Flood": 0.064629,
      "Ice Storm": 0.059949,
      "Cold/Wind Chill": 0.056469,
      "Frost/Freeze": 0.053246,
      "Tornado": 0.045153,
      "Wildfire": 0.040552,
      "Extreme Cold/Wind Chill": 0.039948,
      "Heavy Rain": 0.031546,
      "Flood": 0.023337,
      "Dense Fog": 0.020394,
      "Blizzard": 0.018329,
      "Strong Wind": 0.016041,
      "Dust Storm": 0.013072,
      "Freezing Fog": 0.009168,
      "Lightning": 0.007436,
      "Astronomical Low Tide": 0.006471,
      "Sleet": 0.006146,
      "Funnel Cloud": 0.005983,
      "Coastal Flood": 0.00124,
      "Rip Current": 0.000178,
      "Waterspout": 0.000178
    },

    "spring": {
     "Hail": 0.080141,
    "Thunderstorm Wind": 0.080141,
    "Drought": 0.080141,
    "Flash Flood": 0.08014,
    "High Wind": 0.080079,
    "Tornado": 0.080011,
    "Wildfire": 0.059392,
    "Flood": 0.054733,
    "Winter Weather": 0.048948,
    "Lightning": 0.048301,
    "Funnel Cloud": 0.044772,
    "Cold/Wind Chill": 0.035247,
    "Heavy Snow": 0.034551,
    "Heat": 0.032398,
    "Heavy Rain": 0.028975,
    "Dust Storm": 0.023303,
    "Winter Storm": 0.02257,
    "Strong Wind": 0.021377,
    "Frost/Freeze": 0.018916,
    "Excessive Heat": 0.011075,
    "Blizzard": 0.008182,
    "Rip Current": 0.006879,
    "Sleet": 0.004976,
    "Coastal Flood": 0.004201,
    "Dense Fog": 0.003024,
    "Astronomical Low Tide": 0.002229,
    "Ice Storm": 0.002029,
    "Dust Devil": 0.001426,
    "High Surf": 0.000614,
    "Extreme Cold/Wind Chill": 0.00041,
    "Waterspout": 0.00041,
    "Debris Flow": 0.000205,
    "Sneakerwave": 0.000205
    },

    "summer": {
      "Thunderstorm Wind": 0.087196,
    "Hail": 0.087196,
    "Flash Flood": 0.087196,
    "Drought": 0.087195,
    "Heat": 0.087193,
    "Excessive Heat": 0.086111,
    "Tornado": 0.071828,
    "Flood": 0.068522,
    "Lightning": 0.059337,
    "Wildfire": 0.05577,
    "Heavy Rain": 0.044117,
    "High Wind": 0.042885,
    "Funnel Cloud": 0.040553,
    "Tropical Storm": 0.033764,
    "Storm Surge/Tide": 0.013952,
    "Dust Storm": 0.008902,
    "Hurricane (Typhoon)": 0.00728,
    "Tropical Depression": 0.00728,
    "Strong Wind": 0.006869,
    "Rip Current": 0.005832,
    "Coastal Flood": 0.003719,
    "Waterspout": 0.003075,
    "Dense Fog": 0.001111,
    "Blizzard": 0.00089,
    "High Surf": 0.00089,
    "Debris Flow": 0.000446,
    "Dust Devil": 0.000446,
    "Astronomical Low Tide": 0.000223,
    "Cold/Wind Chill": 0.000223
    },

    "fall": {
      "Drought": 0.086531,
    "Flash Flood": 0.086507,
    "Thunderstorm Wind": 0.086472,
    "Hail": 0.086464,
    "Flood": 0.068562,
    "Tornado": 0.065627,
    "High Wind": 0.062274,
    "Heat": 0.059723,
    "Winter Weather": 0.036286,
    "Winter Storm": 0.033507,
    "Wildfire": 0.032822,
    "Heavy Snow": 0.032408,
    "Heavy Rain": 0.028528,
    "Ice Storm": 0.02793,
    "Lightning": 0.027021,
    "Tropical Storm": 0.02421,
    "Funnel Cloud": 0.02405,
    "Cold/Wind Chill": 0.022263,
    "Excessive Heat": 0.021266,
    "Dense Fog": 0.013845,
    "Coastal Flood": 0.013659,
    "Storm Surge/Tide": 0.013472,
    "Strong Wind": 0.013284,
    "Hurricane (Typhoon)": 0.010607,
    "Frost/Freeze": 0.010412,
    "Dust Storm": 0.003478,
    "Rip Current": 0.002407,
    "Sleet": 0.001757,
    "Astronomical Low Tide": 0.001539,
    "High Surf": 0.001321,
    "Waterspout": 0.001102,
    "Dense Smoke": 0.000222,
    "Seiche": 0.000222,
    "Tropical Depression": 0.000222
    }
  },
  "seasonal_severity_distribution": {
    "fall": {
      "astronomical low tide": {
        "mean": 0.0,
        "std": 0.0
      },
      "coastal flood": {
        "mean": 7.147014925373135,
        "std": 50.876326302864406
      },
      "cold/wind chill": {
        "mean": 0.0172413793103448,
        "std": 0.1856953381770518
      },
      "dense fog": {
        "mean": 1.161764705882353,
        "std": 5.214389659960206
      },
      "dense smoke": {
        "mean": 0.0,
        "std": 0.0
      },
      "drought": {
        "mean": 1.823653291953004,
        "std": 21.00568219078272
      },
      "dust storm": {
        "mean": 0.4375,
        "std": 1.75
      },
      "excessive heat": {
        "mean": 0.0,
        "std": 0.0
      },
      "flash flood": {
        "mean": 8.915404642409035,
        "std": 39.41027689377551
      },
      "flood": {
        "mean": 10.323907014681891,
        "std": 40.75674606672155
      },
      "frost/freeze": {
        "mean": 0.0,
        "std": 0.0
      },
      "funnel cloud": {
        "mean": 0.0,
        "std": 0.0
      },
      "hail": {
        "mean": 1.7371323529411764,
        "std": 12.155767463759595
      },
      "heat": {
        "mean": 0.5995623632385121,
        "std": 6.42051944810486
      },
      "heavy rain": {
        "mean": 3.3560897435897434,
        "std": 12.202636339886022
      },
      "heavy snow": {
        "mean": 0.3215846994535519,
        "std": 3.040809645325611
      },
      "high surf": {
        "mean": 2.333333333333333,
        "std": 3.2041639575194445
      },
      "high wind": {
        "mean": 0.941532258064516,
        "std": 6.440352496075414
      },
      "hurricane (typhoon)": {
        "mean": 103.28186274509804,
        "std": 344.2743426788595
      },
      "ice storm": {
        "mean": 8.0,
        "std": 44.05167044362985
      },
      "lightning": {
        "mean": 32.9986301369863,
        "std": 56.31142621394404
      },
      "rip current": {
        "mean": 2.1818181818181817,
        "std": 0.6030226891555273
      },
      "seiche": {
        "mean": 0.0,
        "std": 0.0
      },
      "sleet": {
        "mean": 6.875,
        "std": 15.512092057488571
      },
      "storm surge/tide": {
        "mean": 14.418333333333331,
        "std": 50.262229574451545
      },
      "strong wind": {
        "mean": 3.717692307692308,
        "std": 6.666124897858288
      },
      "thunderstorm wind": {
        "mean": 6.276784707540521,
        "std": 22.560321721419115
      },
      "tornado": {
        "mean": 24.4127166064982,
        "std": 57.62357865783291
      },
      "tropical depression": {
        "mean": 2.5,
        "std": 0.0
      },
      "tropical storm": {
        "mean": 26.54921875,
        "std": 54.719040426634095
      },
      "waterspout": {
        "mean": 0.0,
        "std": 0.0
      },
      "wildfire": {
        "mean": 18.36572580645161,
        "std": 59.587274041640825
      },
      "winter storm": {
        "mean": 1.2617801047120418,
        "std": 8.42893231509449
      },
      "winter weather": {
        "mean": 2.150943396226415,
        "std": 18.17277138905528
      }
    },
    "spring": {
      "astronomical low tide": {
        "mean": 0.0,
        "std": 0.0
      },
      "blizzard": {
        "mean": 9.523809523809524,
        "std": 61.721339984836746
      },
      "coastal flood": {
        "mean": 5.609523809523809,
        "std": 11.875382825909435
      },
      "cold/wind chill": {
        "mean": 0.0044247787610619,
        "std": 0.0469314024810651
      },
      "debris flow": {
        "mean": 0.0,
        "std": 0.0
      },
      "dense fog": {
        "mean": 1.4,
        "std": 5.422176684690384
      },
      "drought": {
        "mean": 0.0293129280821917,
        "std": 0.8400000630153529
      },
      "dust devil": {
        "mean": 3.4285714285714284,
        "std": 5.862512057049232
      },
      "dust storm": {
        "mean": 2.0,
        "std": 8.993105128353836
      },
      "excessive heat": {
        "mean": 0.0689655172413793,
        "std": 0.3681184480198388
      },
      "extreme cold/wind chill": {
        "mean": 2.0,